tract,hh_type1_h,hh_type1_t
6001400100,31.95903,15.32843
6001400200,30.1033,13.13101
6001400300,28.91199,11.75008
6001400400,27.41638,11.74643
6001400500,29.56183,11.4449
6001400600,26.57004,11.47901
6001400700,28.30261,11.16217
6001400800,28.32228,11.01747
6001400900,28.50776,11.41507
6001401000,27.33352,11.2675
6001401100,26.77656,10.4247
6001401200,28.41466,11.31685
6001401300,26.48143,9.37899
6001401400,22.85873,10.15219
6001401500,26.59132,10.98628
6001401600,28.24936,11.10408
6001401700,25.93037,11.98002
6001401800,27.64723,11.0433
6001402200,28.55528,10.72113
6001402400,25.28528,9.804
6001402500,20.90601,10.6497
6001402600,20.84942,9.48593
6001402700,26.35132,10.1856
6001402800,21.65593,8.29713
6001402900,17.60302,9.02566
6001403000,24.18905,8.86424
6001403100,24.66845,10.02329
6001403300,23.89449,9.75742
6001403400,25.00311,8.31071
6001403501,24.68387,9.23712
6001403502,29.84137,9.45508
6001403600,28.95731,9.43505
6001403701,27.99952,8.305
6001403702,27.48397,9.10295
6001403800,30.98949,11.09352
6001403900,26.9067,10.32607
6001404000,29.07475,9.74763
6001404101,26.04947,10.7184
6001404102,29.98425,9.60704
6001404200,34.70501,14.70196
6001404300,35.71332,14.41837
6001404400,32.24346,15.22084
6001404501,40.62812,15.53554
6001404502,33.7016,15.41734
6001404600,32.94854,15.93773
6001404700,33.32786,15.79538
6001404800,29.21668,12.7147
6001404900,29.25398,12.65667
6001405000,31.73849,13.37347
6001405100,36.76046,14.72048
6001405200,31.08441,10.78227
6001405301,28.32172,9.31174
6001405302,19.13434,8.23776
6001405401,22.56687,9.42476
6001405402,26.17059,9.76247
6001405500,25.0899,10.54718
6001405600,24.97478,10.78917
6001405700,23.18771,11.28667
6001405800,27.98441,11.78856
6001405901,25.18731,10.58627
6001405902,25.73451,11.00458
6001406000,26.63531,9.88195
6001406100,25.62162,11.70065
6001406201,26.48846,10.83605
6001406202,21.42959,10.30745
6001406300,25.16103,11.99292
6001406400,26.18447,12.60027
6001406500,28.16204,11.91416
6001406601,27.56189,11.92885
6001406602,28.01614,12.08367
6001406700,29.78675,13.88468
6001406800,29.45884,13.38278
6001406900,29.27216,13.21407
6001407000,27.18043,12.28124
6001407101,27.72652,11.37277
6001407102,26.125,12.95916
6001407200,23.9928,11.03269
6001407300,28.87809,13.00917
6001407400,23.64926,11.42054
6001407500,24.30174,11.50381
6001407600,27.34931,13.0045
6001407700,28.25797,13.71773
6001407800,29.65951,14.24151
6001407900,29.14142,14.40941
6001408000,31.80943,15.6387
6001408100,31.27448,15.61459
6001408200,26.97399,13.05538
6001408300,29.02738,14.07328
6001408400,25.8614,12.74548
6001408500,26.09713,12.62999
6001408600,26.73313,13.10394
6001408700,26.24637,12.62649
6001408800,24.79362,11.88606
6001408900,26.31646,12.19788
6001409000,28.88508,14.1436
6001409100,27.12763,13.53042
6001409200,27.66877,13.5234
6001409300,26.14788,12.28153
6001409400,24.73856,12.74508
6001409500,28.14688,12.46062
6001409600,24.82511,12.38457
6001409700,27.96535,12.50414
6001409800,29.61238,14.31639
6001409900,30.10845,15.67491
6001410000,31.46065,16.09788
6001410100,27.88935,13.63142
6001410200,26.67751,12.68472
6001410300,28.16583,12.38357
6001410400,29.51456,13.30903
6001410500,19.46135,10.52433
6001420100,28.3616,13.62123
6001420200,26.59136,11.92869
6001420300,29.3844,12.65813
6001420400,27.11424,11.48715
6001420500,27.61545,12.19808
6001420600,28.63693,13.43718
6001421100,31.68939,15.05231
6001421200,33.51876,14.92915
6001421300,30.551,13.67132
6001421400,33.20303,14.25148
6001421500,31.20453,14.57088
6001421600,32.50733,14.01769
6001421700,27.46916,11.3433
6001421800,29.10506,12.98502
6001421900,27.90852,12.48484
6001422000,26.10465,12.64049
6001422100,27.63211,11.65349
6001422200,26.38147,11.26248
6001422300,27.49025,11.30793
6001422400,25.93665,9.51153
6001422500,26.40348,10.32735
6001422600,17.4909,13.2128
6001422700,35.02426,10.36051
6001422800,27.24272,9.50601
6001422900,28.35807,9.3767
6001423000,28.80688,11.56224
6001423100,27.32629,11.37219
6001423200,29.19761,11.39501
6001423300,28.31967,11.9419
6001423400,28.5801,11.35131
6001423500,28.81325,11.17288
6001423601,28.3584,11.3342
6001423602,34.91681,9.68872
6001423700,34.21746,11.75442
6001423800,34.83024,13.76577
6001423901,25.90987,11.14018
6001423902,27.66184,10.99811
6001424001,26.82069,10.58693
6001424002,26.70716,11.08272
6001425101,30.3723,11.11612
6001425102,25.78591,10.56166
6001425103,28.38081,10.87876
6001425104,23.2256,10.45523
6001426100,42.16772,15.35201
6001426200,33.83887,14.14434
6001427100,30.38874,13.37465
6001427200,28.46719,11.76458
6001427300,29.30639,11.95792
6001427600,27.59441,10.86717
6001427700,26.02606,11.64646
6001427800,28.07853,11.7131
6001427900,28.75576,11.50281
6001428000,26.90575,10.73051
6001428100,27.55956,12.24522
6001428200,28.57266,12.40361
6001428301,30.14963,13.68286
6001428302,31.67929,14.54182
6001428400,29.87774,11.78103
6001428500,29.00256,11.33466
6001428600,26.45323,12.24892
6001428700,33.96807,13.20769
6001430101,32.76174,16.54102
6001430102,31.26272,17.35814
6001430200,32.1669,15.98367
6001430300,31.0036,15.99035
6001430400,33.34601,16.0948
6001430500,28.93675,14.153
6001430600,32.47082,15.40433
6001430700,29.36362,14.88034
6001430800,30.14476,14.20289
6001430900,28.91449,12.12759
6001431000,28.42657,12.28215
6001431100,28.96068,12.42171
6001431200,27.96567,13.04421
6001432100,28.26629,13.92553
6001432200,29.00119,12.8464
6001432300,29.88072,13.21801
6001432400,28.12337,14.08317
6001432501,29.84279,13.37512
6001432502,27.455,13.07789
6001432600,26.58593,11.40537
6001432700,30.06028,14.09985
6001432800,31.25163,15.45356
6001433000,29.28709,14.16318
6001433102,29.896,14.00316
6001433103,25.06792,11.15797
6001433104,29.56938,11.41979
6001433200,28.44591,12.75226
6001433300,30.62653,14.41998
6001433400,32.04527,14.3784
6001433500,30.34729,14.6209
6001433600,27.7846,13.24544
6001433700,27.36507,12.83963
6001433800,27.74221,12.73487
6001433900,27.05826,11.66207
6001434000,29.02547,12.51613
6001435102,31.37746,15.66122
6001435103,33.7783,17.23054
6001435104,28.17209,12.65612
6001435200,29.70255,15.64265
6001435300,26.58707,13.26864
6001435400,24.47048,11.65963
6001435500,27.70561,12.16676
6001435601,25.4526,12.34614
6001435602,26.15303,13.0648
6001435700,29.47066,14.05618
6001435800,30.03918,14.64141
6001435900,30.22612,14.90117
6001436000,30.01244,14.97287
6001436100,30.07325,13.51547
6001436200,26.73786,11.54445
6001436300,28.30509,12.35792
6001436401,29.42373,13.85693
6001436402,32.50809,16.72598
6001436500,28.91378,12.46359
6001436601,26.82597,12.79198
6001436602,24.55295,11.83516
6001436700,27.48742,13.10798
6001436800,30.13759,12.98775
6001436900,27.79091,12.72904
6001437000,30.48881,13.91908
6001437101,32.87752,15.4447
6001437102,29.81833,12.66625
6001437200,28.91955,13.49406
6001437300,27.47581,13.5175
6001437400,30.27511,14.65449
6001437500,26.39174,12.09411
6001437600,28.97952,13.33894
6001437701,27.61862,12.0066
6001437702,25.82228,11.22204
6001437800,30.31829,14.73518
6001437900,28.54394,12.51359
6001438000,30.52395,15.01737
6001438100,30.32176,14.65734
6001438201,30.64355,13.93062
6001438203,30.69526,14.69275
6001438204,31.65698,13.66015
6001438300,29.23305,14.60956
6001438400,31.14646,15.043
6001440100,27.02772,15.0283
6001440200,28.34744,13.33423
6001440301,30.25127,14.39129
6001440304,29.12196,13.51036
6001440305,30.28634,15.33166
6001440306,30.90366,13.65969
6001440307,31.1399,13.58849
6001440308,31.04141,13.60644
6001440331,29.03553,13.86861
6001440332,34.37337,16.33989
6001440333,32.92963,15.48498
6001440334,31.01179,14.65309
6001440335,33.89838,14.20279
6001440336,29.75201,13.221
6001441100,31.15763,15.71687
6001441200,30.3843,14.48673
6001441301,30.54923,13.74099
6001441302,29.19643,15.00327
6001441401,29.35173,14.04941
6001441402,31.12632,14.76796
6001441501,31.34789,15.66048
6001441503,31.88409,14.91237
6001441521,30.46261,14.99787
6001441522,31.21169,14.80828
6001441523,30.69778,12.07085
6001441524,31.87063,13.65164
6001441601,30.35479,15.04799
6001441602,28.80275,13.48532
6001441700,29.10407,13.25484
6001441800,29.7799,13.38029
6001441921,24.59685,12.08903
6001441923,29.30557,10.54751
6001441924,28.54308,12.96401
6001441925,25.48257,11.53443
6001441926,28.61551,10.98519
6001441927,27.71744,10.94201
6001442000,34.88341,16.79751
6001442100,31.42847,15.13136
6001442200,31.48647,15.3816
6001442301,29.22646,13.72969
6001442302,26.28709,11.69801
6001442400,29.49632,14.33273
6001442500,29.93401,13.80776
6001442601,30.73268,14.54086
6001442602,30.11665,13.42591
6001442700,31.71474,14.67001
6001442800,29.87325,14.55782
6001442900,30.67789,14.25699
6001443001,29.47065,14.52763
6001443002,30.8426,14.16406
6001443102,35.62649,15.6336
6001443103,34.62529,16.8856
6001443104,32.67018,14.67153
6001443105,34.17879,15.81037
6001443200,44.87064,17.2471
6001443301,31.29562,15.6267
6001443321,26.54575,11.94058
6001443322,30.34254,15.12077
6001444100,29.72684,15.05676
6001444200,30.34353,14.68107
6001444301,28.40558,15.10404
6001444302,26.88522,14.74065
6001444400,29.49967,13.69818
6001444500,26.56331,13.43476
6001444601,30.53411,15.42143
6001444602,30.81039,13.94935
6001450101,35.04449,12.52986
6001450102,31.24661,15.11425
6001450200,28.77589,12.5962
6001450300,30.95589,14.93649
6001450400,29.55436,14.7571
6001450501,31.98944,13.94155
6001450502,35.13578,16.74874
6001450601,33.78326,17.38797
6001450602,34.22709,14.87123
6001450603,34.90699,15.71705
6001450604,34.89665,15.00881
6001450605,30.50073,14.589
6001450606,33.34999,15.67896
6001450607,29.56967,13.17313
6001450701,38.85836,17.43432
6001450741,28.62252,14.2714
6001450742,31.18731,15.53534
6001450743,33.06193,12.12457
6001450744,33.11092,15.73467
6001450745,31.98065,15.28213
6001450746,30.70506,14.82009
6001450750,27.32288,13.09699
6001450751,34.9818,17.06032
6001450752,41.44511,17.56071
6001451101,33.03011,16.83517
6001451102,39.70979,17.30867
6001451201,28.8452,15.01707
6001451202,29.72631,17.04656
6001451300,30.60536,15.90425
6001451401,30.94834,14.69793
6001451403,29.76067,15.0252
6001451404,27.79721,13.43162
6001451501,28.49189,15.16551
6001451503,30.1537,14.93431
6001451504,31.59695,16.1667
6001451505,37.3712,16.1705
6001451506,25.93122,13.84526
6001451601,31.08744,15.39353
6001451602,27.77769,14.21601
6001451701,30.24761,15.64617
6001451703,30.56101,16.22377
6001451704,32.59083,15.43624
6001981900,27.20806,11.53152
6001982000,34.03953,14.73918
6001983200,26.91933,10.98229
6013301000,27.52514,17.37798
6013302005,28.45763,16.09056
6013302006,29.11634,17.477
6013302007,28.66859,16.56675
6013302008,26.80579,16.91198
6013302009,29.69788,16.63071
6013302010,30.5286,17.06835
6013303102,29.76301,16.45313
6013303103,26.77474,16.32582
6013303201,30.47646,16.92677
6013303202,32.83123,16.9615
6013303203,30.62656,16.96023
6013303204,28.27835,15.72303
6013303205,29.1746,17.23539
6013304001,32.52895,18.05159
6013304002,28.78858,17.28304
6013304003,32.60263,17.73748
6013304004,30.80013,17.24715
6013304005,28.92858,18.08438
6013305000,24.10027,13.10942
6013306002,30.25512,17.13344
6013306003,29.97969,15.07942
6013306004,25.72754,14.86544
6013307101,30.52714,15.92081
6013307102,26.57287,14.44522
6013307201,24.88371,14.03031
6013307202,24.22994,11.80362
6013307204,29.90071,15.77405
6013307205,28.03154,14.08869
6013308001,29.23261,16.04367
6013308002,31.63473,17.58204
6013309000,28.34197,15.77654
6013310000,28.18443,14.76672
6013311000,27.56703,14.88996
6013312000,28.6566,14.17273
6013313101,27.69245,14.06836
6013313102,28.59096,15.20719
6013313103,28.38053,15.96263
6013313203,29.3022,16.94951
6013313204,28.81245,15.84218
6013313205,31.00478,17.37339
6013313206,28.3782,14.83719
6013314102,29.65026,15.61987
6013314103,27.47402,14.98941
6013314104,27.81494,14.3785
6013314200,29.07913,15.88361
6013315000,28.78908,16.94262
6013316000,27.44074,12.35285
6013317000,28.50519,13.66435
6013318000,28.63428,14.06145
6013319000,27.48969,13.96803
6013320001,26.50361,15.52809
6013320003,32.52915,15.39481
6013320004,30.52259,14.3942
6013321101,31.5044,15.07771
6013321102,32.65064,15.34108
6013321103,29.50222,15.42368
6013321200,28.2412,13.23363
6013322000,30.79276,14.50697
6013323000,30.99379,14.832
6013324001,28.08247,10.79175
6013324002,27.13803,11.96033
6013325000,29.97429,14.54694
6013326000,30.44004,15.37079
6013327000,31.43871,13.89352
6013328000,20.1718,10.4351
6013329000,28.69315,14.41496
6013330000,28.67654,14.90071
6013331000,28.71956,14.09454
6013332000,29.71555,15.01058
6013333101,30.70061,15.27242
6013333102,30.58282,14.77305
6013333200,30.81567,15.36343
6013334001,27.99122,13.96956
6013334004,29.7369,13.77781
6013334006,31.14648,15.48745
6013334200,30.61984,15.179
6013335000,30.39591,14.84222
6013336101,24.43956,11.32225
6013336102,24.17497,10.71918
6013336201,30.86507,14.3222
6013336202,22.91693,11.37367
6013337100,32.24225,15.61219
6013337200,31.25557,13.84454
6013337300,33.72847,15.33544
6013338101,30.81735,13.38584
6013338102,32.87338,15.29531
6013338201,33.86655,15.37025
6013338203,29.98274,12.13588
6013338204,34.39323,13.35868
6013338301,35.07748,16.04362
6013338302,33.39764,15.99254
6013339001,24.95977,10.41438
6013339002,28.62381,11.43824
6013340001,30.47161,13.46632
6013340002,31.55731,15.09728
6013341000,30.22622,14.5292
6013343001,32.09661,13.16291
6013343002,32.16902,14.24443
6013343003,31.7858,16.12577
6013345101,30.57662,15.00046
6013345102,31.65901,15.90628
6013345103,30.89779,15.52725
6013345105,34.26226,15.46002
6013345108,32.85243,14.9911
6013345111,32.14051,13.67977
6013345112,28.29224,14.85612
6013345113,39.13635,16.94664
6013345114,36.18703,15.85267
6013345115,33.09211,16.48907
6013345116,34.35324,15.46008
6013345202,29.17944,14.03637
6013345203,30.93549,15.91677
6013345204,46.13874,17.29888
6013346101,33.27948,16.45358
6013346102,38.85799,17.70374
6013346201,35.56085,17.02424
6013346203,35.52012,16.36018
6013346204,42.8214,17.17189
6013347000,36.74613,16.53101
6013348000,33.67508,16.99154
6013349000,30.18411,14.47952
6013350000,32.17218,14.50993
6013351101,33.06738,14.50112
6013351102,33.54675,14.08833
6013351103,35.14458,14.89082
6013351200,39.73415,16.72329
6013352101,36.63141,16.80132
6013352102,35.19173,16.64395
6013352201,31.56394,15.72619
6013352202,30.33219,16.11364
6013353001,33.53339,16.91542
6013353002,40.23809,16.80714
6013354001,31.1904,17.15547
6013354002,34.21322,16.8574
6013355107,31.93841,17.68542
6013355108,31.04471,17.09032
6013355109,32.43798,16.66911
6013355110,31.0303,16.82245
6013355111,32.61906,16.65345
6013355112,40.90982,18.14296
6013355113,39.10642,17.27305
6013355114,36.24147,16.55713
6013355115,29.61088,13.13678
6013355116,42.35635,17.25668
6013355117,49.34743,17.20652
6013355200,27.68838,16.14671
6013355301,31.41646,16.17727
6013355302,34.81164,16.62778
6013355304,30.52396,16.31809
6013355306,31.70692,16.76968
6013356001,29.81385,16.36503
6013356002,30.47026,16.54335
6013357000,27.72407,15.69922
6013358000,25.82199,14.83419
6013359102,28.8483,14.81535
6013359103,28.52864,14.8342
6013359104,29.60122,13.64138
6013359105,30.61759,15.46553
6013359202,30.77058,16.54192
6013359203,28.66038,15.67695
6013359204,31.0422,16.36683
6013360101,30.22111,16.22512
6013360102,32.85582,16.99547
6013360200,28.30743,14.77963
6013361000,28.90733,15.26336
6013362000,29.03874,15.46025
6013363000,30.31724,14.72218
6013364002,30.15233,15.04972
6013365002,23.89545,13.77259
6013365003,28.1296,12.25977
6013366001,28.15963,14.46998
6013366002,27.40172,13.4107
6013367100,25.76964,13.76433
6013367200,27.63973,13.62496
6013368001,25.55969,13.43453
6013368002,28.62746,12.90322
6013369001,24.75779,11.98792
6013369002,27.29567,14.21465
6013370000,29.30682,14.47074
6013371000,28.69923,13.75659
6013372000,28.20219,13.86824
6013373000,24.26136,13.27383
6013374000,26.91938,13.08261
6013375000,25.78237,12.47835
6013376000,24.39731,12.72181
6013377000,24.31912,12.39731
6013378000,27.43245,14.84477
6013379000,25.27227,12.78492
6013380000,25.36763,13.27514
6013381000,26.11914,13.45019
6013382000,27.60357,12.91106
6013383000,28.28496,13.37913
6013384000,30.33524,15.27564
6013385100,31.2631,16.08954
6013385200,33.08197,15.54959
6013386000,24.91725,12.16625
6013387000,29.17845,13.61479
6013388000,25.98358,13.25485
6013389100,24.64857,13.27564
6013389200,24.31012,10.58963
6013390100,31.93538,15.36067
6013390200,29.30391,15.04884
6013391000,33.03685,15.5927
6013392000,29.37142,15.53138
6013392200,29.31776,15.52253
6041101100,30.8621,18.19704
6041101200,28.66698,16.84535
6041102100,30.72947,17.47266
6041102202,28.99198,16.03688
6041102203,28.48781,14.00966
6041103100,30.57506,17.51003
6041103200,33.53839,15.34062
6041104101,30.46604,16.07218
6041104102,29.11065,13.79703
6041104200,28.09734,15.80947
6041104300,30.43691,17.85708
6041105000,28.97344,15.13187
6041106001,25.34416,13.45454
6041106002,27.50356,15.38226
6041107000,31.15661,16.78384
6041108100,32.00002,16.15703
6041108200,28.57863,13.91672
6041109001,29.63378,13.27456
6041109002,30.72148,14.32232
6041110100,31.33379,14.02398
6041110200,32.33955,16.93616
6041111000,29.08941,12.32347
6041112100,30.80729,13.93246
6041112201,30.38795,10.45363
6041112202,28.8944,12.84884
6041113000,25.75586,17.05223
6041114100,26.39114,15.47251
6041114200,25.27702,15.06122
6041115000,30.44887,16.47586
6041116000,27.13623,14.9979
6041117000,29.07474,14.15603
6041118100,33.37308,16.95815
6041119100,39.60905,15.48719
6041119201,25.29837,11.63507
6041119202,34.56111,15.92803
6041120000,29.81857,14.37564
6041121100,31.7495,14.43795
6041121200,30.18779,14.34176
6041123000,32.33287,15.34544
6041124100,28.93239,14.91173
6041124200,30.11544,15.10652
6041125000,27.64978,13.56985
6041126100,29.92549,15.17929
6041126200,27.97409,13.80361
6041127000,32.99143,15.4943
6041128100,29.28142,15.90604
6041128200,32.37071,15.79602
6041129000,25.78822,12.45805
6041130201,33.00757,13.49296
6041130202,27.44205,13.19222
6041131100,30.58291,16.67943
6041132100,23.32436,17.03889
6041132200,26.70359,17.86135
6041133000,27.19645,17.60377
6075010100,31.94666,8.74157
6075010200,34.50678,9.07783
6075010300,36.98725,8.89138
6075010400,36.54766,8.65914
6075010500,37.26268,9.37447
6075010600,35.13767,7.47226
6075010700,22.19435,6.90087
6075010800,35.59853,7.9468
6075010900,37.17887,8.4222
6075011000,35.12419,8.06955
6075011100,35.43498,7.73256
6075011200,38.2131,8.41709
6075011300,29.00188,7.12183
6075011700,23.93053,9.29543
6075011800,21.83982,7.36459
6075011901,32.01671,7.15056
6075011902,29.75895,7.27926
6075012000,31.38547,6.30507
6075012100,33.93631,6.78081
6075012201,26.58603,6.46607
6075012202,27.20806,6.30864
6075012301,16.24188,6.64725
6075012302,27.20806,6.55538
6075012401,20.539,6.33387
6075012402,22.34899,7.28465
6075012501,19.39721,6.51308
6075012502,15.85067,5.53193
6075012601,35.37972,9.1541
6075012602,34.17123,10.45066
6075012700,36.26586,9.7143
6075012800,36.29063,10.02573
6075012901,30.9018,8.83477
6075012902,33.02514,9.05574
6075013000,37.50681,9.37311
6075013101,37.6021,8.08225
6075013102,37.59497,9.21577
6075013200,41.0243,10.20218
6075013300,41.17629,11.08217
6075013400,35.68215,9.66443
6075013500,35.55671,8.85832
6075015100,35.22174,8.09376
6075015200,35.70921,8.56188
6075015300,37.30618,10.01394
6075015400,35.24775,10.18425
6075015500,28.18291,8.19765
6075015600,31.78474,10.16844
6075015700,32.5708,10.03177
6075015801,32.09936,9.12781
6075015802,35.32219,8.7845
6075015900,33.39419,8.31616
6075016000,29.68722,7.90179
6075016100,22.77077,8.41543
6075016200,31.36011,8.49657
6075016300,34.34708,8.68712
6075016400,35.10158,9.22861
6075016500,36.36156,9.37543
6075016600,34.6145,9.28814
6075016700,32.33167,9.53539
6075016801,35.41354,8.89789
6075016802,32.17271,8.42663
6075016900,35.46242,9.47533
6075017000,34.91459,10.3962
6075017101,36.5097,10.10113
6075017102,35.81041,9.95792
6075017601,25.74962,7.91471
6075017700,28.25401,9.97237
6075017801,24.58612,7.98002
6075017802,36.39075,9.29793
6075017902,23.04134,12.44111
6075018000,30.13695,9.61168
6075020100,32.04223,8.50697
6075020200,35.62266,8.3922
6075020300,28.07321,9.03201
6075020401,28.86761,10.09611
6075020402,26.3101,10.15988
6075020500,30.27954,10.13478
6075020600,33.39044,10.25646
6075020700,35.60412,9.22972
6075020800,31.88209,9.02254
6075020900,26.37404,9.31877
6075021000,34.25983,9.46186
6075021100,33.88185,10.78859
6075021200,35.56502,11.11666
6075021300,32.44687,11.2618
6075021400,33.31069,10.39426
6075021500,31.9774,10.37479
6075021600,29.46045,11.27261
6075021700,30.5496,12.06755
6075021800,31.586,11.33412
6075022600,33.28507,11.5365
6075022702,35.58834,10.30817
6075022704,29.34212,10.46016
6075022801,30.74603,10.09446
6075022802,27.97582,10.73856
6075022803,33.16736,9.67023
6075022901,29.13707,9.83479
6075022902,30.00631,10.33261
6075022903,27.28341,10.39149
6075023001,27.84956,11.62538
6075023003,30.31704,11.89487
6075023102,25.55105,11.3531
6075023103,19.08369,11.82686
6075023200,27.61674,12.21136
6075023300,29.01913,12.84838
6075023400,27.51281,12.4344
6075025100,29.47956,10.96719
6075025200,28.79228,10.94357
6075025300,28.33377,10.47685
6075025401,27.55139,11.20048
6075025402,29.05354,11.10269
6075025403,28.39431,11.54851
6075025500,28.90728,11.9215
6075025600,30.27544,12.07307
6075025701,28.42306,12.12444
6075025702,28.34834,11.94801
6075025800,29.93867,11.36121
6075025900,29.40845,12.59032
6075026001,28.04252,11.83062
6075026002,29.72641,12.37135
6075026003,29.10723,12.03999
6075026004,30.93072,11.89971
6075026100,28.79242,11.8077
6075026200,29.31624,12.14465
6075026301,27.28089,11.7933
6075026302,27.31705,12.72933
6075026303,29.27531,12.57683
6075026401,29.35818,12.31679
6075026402,29.63943,12.4062
6075026403,27.39463,12.25564
6075026404,27.72547,11.67189
6075030101,35.64796,9.86908
6075030102,34.77898,11.98515
6075030201,31.11579,10.16108
6075030202,30.56671,9.8884
6075030301,32.22051,11.58325
6075030302,30.44742,12.38073
6075030400,32.36847,12.82486
6075030500,34.59936,13.58891
6075030600,36.83358,13.15657
6075030700,32.67189,12.80437
6075030800,33.48894,13.26969
6075030900,35.44611,13.96978
6075031000,30.93345,13.07971
6075031100,28.04225,11.77793
6075031201,29.86087,12.04829
6075031202,29.02588,12.33802
6075031301,32.92274,12.61406
6075031302,28.55438,12.00297
6075031400,27.01035,12.49877
6075032601,26.76226,10.78677
6075032602,29.32111,11.38034
6075032700,29.92712,11.88037
6075032801,28.42465,12.23757
6075032802,30.98157,11.94676
6075032901,31.50318,12.35165
6075032902,30.59657,12.1877
6075033000,29.83565,12.81275
6075033100,30.74889,13.51211
6075033201,22.82368,11.5087
6075033203,21.63763,10.36559
6075033204,27.81153,9.96862
6075035100,28.67732,11.97947
6075035201,31.01679,12.48533
6075035202,24.8464,11.15584
6075035300,30.27638,12.43273
6075035400,30.12563,12.28747
6075040100,33.43852,10.13237
6075040200,34.32803,10.54114
6075042601,32.46015,10.43387
6075042602,28.81689,10.51865
6075042700,29.55304,10.5653
6075042800,36.67367,13.43351
6075045100,35.44412,9.94194
6075045200,35.77116,10.32726
6075047600,30.19998,10.57588
6075047701,28.12872,10.61075
6075047702,30.48171,11.23545
6075047801,30.84245,11.70134
6075047802,27.39356,11.08201
6075047901,28.00551,12.10357
6075047902,27.75245,11.61888
6075060100,23.81872,12.33065
6075060400,21.44402,12.24691
6075060502,20.45334,11.08464
6075060700,27.50682,9.85738
6075061000,27.91061,13.07387
6075061100,22.37387,6.73211
6075061200,25.23949,11.3193
6075061400,29.07068,10.62655
6075061500,36.63323,9.20022
6075980200,27.32339,14.07837
6075980300,27.20806,11.32986
6075980501,21.92836,12.74258
6075980600,28.4698,13.83903
6075980900,21.05417,11.2592
6081600100,32.40318,13.43198
6081600200,28.58398,13.23225
6081600300,30.06435,14.49564
6081600401,29.77138,12.3668
6081600402,30.42045,12.5312
6081600500,30.31582,12.55711
6081600600,29.16263,12.24128
6081600700,29.33661,11.87582
6081600800,26.70564,9.85019
6081600900,28.92028,14.61782
6081601000,31.58135,14.91814
6081601100,29.83023,14.05507
6081601200,30.41468,13.4211
6081601300,25.539,10.95589
6081601400,30.13839,13.69481
6081601501,30.77537,14.23031
6081601502,29.93802,11.29768
6081601601,29.79177,14.03035
6081601603,29.46343,13.7006
6081601604,29.6689,12.75664
6081601605,31.17274,14.56369
6081601700,31.16907,14.48104
6081601800,30.31899,14.47808
6081601901,28.53832,13.03674
6081601902,29.22871,12.10181
6081602000,30.27982,14.34275
6081602100,29.57094,11.43702
6081602200,27.53959,10.9196
6081602300,31.11955,14.81115
6081602400,30.07716,13.60185
6081602500,35.49426,15.0121
6081602600,33.00061,13.25185
6081602700,29.31975,14.00471
6081602800,30.88442,14.45171
6081602900,25.66112,13.63322
6081603000,26.74246,13.79233
6081603100,29.5684,16.24446
6081603200,28.29933,15.8026
6081603300,30.27811,16.40265
6081603400,30.31362,16.1507
6081603700,29.63236,15.20726
6081603801,32.14171,11.32977
6081603802,29.21808,14.83254
6081603900,28.46981,13.66447
6081604000,31.30505,14.66377
6081604101,24.58595,11.67372
6081604102,22.69911,11.76993
6081604200,28.38905,13.6433
6081604400,28.75845,12.48867
6081604500,28.84681,14.48006
6081604600,34.19208,15.83362
6081604700,31.4031,15.28474
6081604800,26.48091,12.42072
6081604900,31.07288,14.83056
6081605000,30.23716,14.28657
6081605100,26.20522,12.90571
6081605200,36.22128,14.19289
6081605300,28.31425,12.8864
6081605400,29.36823,12.63128
6081605500,27.87528,11.14593
6081605600,38.24718,16.9739
6081605700,42.52662,16.95461
6081605800,39.51187,14.84242
6081605900,25.98279,10.95327
6081606000,27.17587,11.75048
6081606100,27.91683,14.25315
6081606200,27.23116,12.16019
6081606300,25.61949,11.55578
6081606400,33.66023,11.62583
6081606500,38.10873,14.93818
6081606600,32.23062,13.25258
6081606700,32.22149,15.35813
6081606800,30.42853,15.44135
6081606900,30.7937,16.52133
6081607000,31.19331,14.55754
6081607100,32.85518,15.36577
6081607200,32.08988,11.7591
6081607300,33.4553,15.02974
6081607400,32.09139,12.50931
6081607500,27.62849,12.9497
6081607600,30.41038,13.68532
6081607701,27.8191,13.52284
6081607702,30.49152,14.43378
6081607800,32.7473,14.89226
6081607900,30.43843,12.21387
6081608001,34.54091,12.34686
6081608002,35.42795,13.58593
6081608004,29.79232,12.39834
6081608013,36.32081,13.49615
6081608023,33.26271,15.27146
6081608100,30.51012,12.98628
6081608200,29.71947,13.90935
6081608300,33.75732,13.56178
6081608400,25.94756,11.92967
6081608501,29.76669,13.72815
6081608502,28.4559,12.47486
6081608600,29.18582,12.47967
6081608700,33.39101,14.35158
6081608800,32.77014,15.78778
6081608900,28.83334,13.1801
6081609000,29.8152,14.44953
6081609100,29.61281,14.72146
6081609201,32.19786,13.09089
6081609202,28.32398,11.8004
6081609300,30.05275,14.08338
6081609400,34.3805,15.14007
6081609500,30.79529,15.16537
6081609601,37.59424,15.21746
6081609602,33.27973,15.71091
6081609603,37.72419,15.56912
6081609700,42.06571,16.27491
6081609800,31.51656,14.79508
6081609900,31.2193,14.90859
6081610000,34.3773,12.72616
6081610100,26.72916,12.31081
6081610201,28.49223,11.01219
6081610202,20.37026,11.06023
6081610203,27.744,10.46916
6081610302,29.88127,14.1782
6081610303,31.79163,13.73205
6081610304,30.85175,14.1993
6081610400,27.63594,12.88589
6081610500,28.23674,12.95043
6081610601,23.79986,11.67692
6081610602,28.44436,14.24912
6081610700,26.23534,12.30204
6081610800,27.85003,10.7074
6081610900,28.55341,12.00087
6081611000,26.5767,12.86873
6081611100,31.41245,15.41402
6081611200,29.82862,15.16617
6081611300,29.37043,14.2984
6081611400,37.50967,17.23608
6081611500,34.60936,16.42309
6081611600,29.77977,14.87824
6081611700,26.63637,13.55358
6081611800,26.96894,15.08301
6081611900,29.56001,14.49249
6081612000,25.3308,13.55612
6081612100,25.29163,11.01577
6081612500,30.09843,12.74787
6081612600,23.34513,11.83438
6081612700,33.46055,15.86037
6081612800,34.50828,15.88698
6081612900,31.43075,14.61623
6081613000,33.06529,14.60915
6081613200,42.47452,16.87364
6081613300,42.35111,17.23235
6081613400,35.56915,17.52259
6081613501,29.30485,16.31751
6081613502,28.90504,16.79717
6081613600,30.37349,16.91218
6081613700,29.48563,15.7933
6081613800,30.83981,17.33643
6081613900,33.29275,14.10799
6081614000,30.20124,15.2588
