,tractid,pct_bachelors,poverty_rate,labor_part_rate,pct_unemploy,pct_welfare,low_pov_idx,labor_idx,env_health_idx,trans_cost_idx,trips_idx,latitude,longitude,hispanic,white,black,american_indian,asian,pac_islander,other_races,two_races,housing_cost,transportation_cost,pub_school_score,pr_school_score,rest_score,rest_proximity
0,6075010100,0.555555556,0.163194444,0.821470704,0.061270125,0.031064413,30,85,9,99,96,37.8084198,-122.4085794,6.3,43.4,14,0,34.1,0.7,0,1.5,31.94666,8.74157,0.153325696,0.193721505,90.601886,43.44439113
1,6075010200,0.779701652,0.042543021,0.878312413,0.054775281,0.005076142,80,98,6,99,97,37.8058607,-122.4229252,11.5,76.3,1,0,9.2,0,0,2,34.50678,9.07783,0.153296691,0.193940365,90.29536977,29.99723228
2,6075010300,0.592803598,0.136756126,0.801427644,0.092908608,0.007598784,37,78,8,99,97,37.8016201,-122.4156811,5.6,55.9,2.2,0,33.7,0,0,2.6,36.98725,8.89138,0.153324922,0.193061337,90.45767739,61.81220227
3,6075010400,0.69550355,0.044776119,0.882547014,0.06463621,0.010118044,78,96,7,99,97,37.8022725,-122.4075581,6.8,62.3,0,0,27.9,0,1.7,1.2,36.54766,8.65914,0.153343303,0.193098848,90.65270153,70.64895029
4,6075010500,0.818013857,0.055166735,0.810387985,0.057885411,0,72,97,6,99,93,37.8026841,-122.3990586,5.7,76,0.5,0,13.1,0,1.9,3,37.26268,9.37447,0.153363204,0.193138497,90.87339832,61.75278536
5,6075010600,0.340177751,0.248281131,0.860978301,0.082890976,0.033745782,14,67,7,99,97,37.7993784,-122.4063879,4.9,28.1,2.2,0,62.5,0,0,2.3,35.13767,7.47226,0.153353289,0.193108593,90.69706386,81.97155947
6,6075010700,0.223500775,0.237155556,0.779107374,0.135861561,0.042689434,16,25,7,99,98,37.798514,-122.4100466,3.2,13.5,3,0.4,79.9,0,0,0,22.19435,6.90087,0.15334641,0.193092524,90.60645546,82.74977631
7,6075010800,0.566107548,0.096577284,0.818981773,0.153318903,0.019706499,52,60,7,99,98,37.7964984,-122.4142914,0.7,44.2,1.4,0.3,50.9,0,0,2.4,35.59853,7.9468,0.153340918,0.193075354,90.5088443,81.14811831
8,6075010900,0.688484519,0.07416536,0.961872288,0.057271364,0.01171875,62,99,7,99,98,37.7980418,-122.4205531,5.2,63.1,1.3,3.4,23.7,0,0.5,2.8,37.17887,8.4222,0.153321725,0.193043468,90.3588559,58.85173959
9,6075011000,0.413244116,0.136761105,0.845504941,0.064780539,0.01138088,37,77,6,99,98,37.7943823,-122.4198054,5.7,39.6,0.9,0,52.9,0,0,0.8,35.12419,8.06955,0.153332552,0.193052321,90.38725582,69.06080573
10,6075011100,0.515428289,0.08813487,0.824303163,0.047586905,0.011305616,56,86,6,99,98,37.7907445,-122.419076,6.9,45.7,2.4,0.4,40.5,0,0.5,3.7,35.43498,7.73256,0.15334328,0.193061055,90.41888531,75.70260793
11,6075011200,0.562169778,0.14202454,0.829935125,0.052173913,0,35,89,7,99,97,37.7929713,-122.4127333,4.7,52.8,0.4,0,39,0,0,3.1,38.2131,8.41709,0.153353413,0.193087852,90.56343522,91.60463567
12,6075011300,0.158972579,0.266609638,0.833136095,0.182327318,0.033728919,12,17,6,99,98,37.7946971,-122.4093492,0.6,7.9,1.1,0.2,89.9,0,0,0.4,29.00188,7.12183,0.1533575,0.193101369,90.64287151,93.91384052
13,6075011700,0.338511856,0.267313019,0.650047939,0.051841746,0.076004343,12,38,3,99,89,37.7904674,-122.4034859,5.8,30.4,14.3,0,41.5,0,0,8,23.93053,9.29543,0.153382313,0.193135276,90.82938751,100
14,6075011800,0.112737921,0.307648725,0.816598361,0.149301826,0.014556041,9,19,3,99,97,37.7933506,-122.4061645,1.8,2.4,0,0,95.8,0,0,0,21.83982,7.36459,0.153368642,0.193118405,90.73609135,98.12957955
15,6075011901,0.580720093,0.042542787,0.869402985,0.079442509,0.009776536,80,89,13,99,99,37.7904728,-122.4139142,9.9,53.4,1.1,0,30,0,0.7,4.9,32.01671,7.15056,0.153356645,0.193085889,90.54571634,91.33539136
16,6075011902,0.517165493,0.092585478,0.844422701,0.010303688,0.006060606,54,94,12,99,99,37.7909959,-122.4098067,19.1,49.7,2.3,0,25.1,1.2,0.8,1.8,29.75895,7.27926,0.153365464,0.193104578,90.65033728,98.71505024
17,6075012000,0.446748682,0.178423237,0.776416539,0.103506548,0.034510759,26,56,5,99,99,37.7879651,-122.4185205,10.6,48.6,3.3,0,32,0,1.7,3.8,31.38547,6.30507,0.153351473,0.19306772,90.44560994,78.05603912
18,6075012100,0.534989648,0.10538411,0.800687285,0.107425743,0,48,68,6,99,99,37.7888066,-122.4118881,9.6,54.4,1.8,0.7,30.1,0.4,0,3,33.93631,6.78081,0.153365721,0.193097901,90.60715732,96.14583521
19,6075012201,0.28554607,0.257848071,0.809403597,0.098888889,0.056464812,13,47,10,99,99,37.7858464,-122.4163535,32,30.2,5.4,0,30.5,0,0,1.9,26.58603,6.46607,0.153362008,0.193081055,90.50996163,83.56498218
20,6075012202,0.299835255,0.220950704,0.725391499,0.065837601,0.015111695,18,43,14,99,98,37.7854142,-122.4196438,16.9,33.1,8.8,0,37.1,0,0,4.1,27.20806,6.30864,0.153354976,0.193066105,90.43376986,72.74445242
21,6075012301,0.268672757,0.302915082,0.674894217,0.02374894,0.045614035,9,44,13,99,99,37.7859203,-122.4107461,22.9,21.5,14.6,0.3,36.8,0,0,4,16.24188,6.64725,0.15337562,0.193107499,90.65496443,96.41254323
22,6075012302,0.464640561,0.133885102,0.71375694,0.171837709,0.08821788,38,26,12,99,99,37.7870223,-122.412097,7.6,47.3,14.1,4.9,23.6,0,0,2.4,27.20806,6.55538,0.15336959,0.193099502,90.61201041,95.06052781
23,6075012401,0.125432254,0.161913317,0.734154292,0.03493095,0.038237739,30,37,11,99,99,37.7830511,-122.415789,43.3,22.3,4.4,0.1,26,0.4,0,3.3,20.539,6.33387,0.153370263,0.193087786,90.54187739,81.321694
24,6075012402,0.350020517,0.242883549,0.633009709,0.104933982,0.060524906,15,22,14,99,97,37.780125,-122.4177669,14.2,44.8,7.8,0,26.1,0.3,1,5.8,22.34899,7.28465,0.153372586,0.193082668,90.51454507,70.136567
25,6075012501,0.214079422,0.399325774,0.503696402,0.282852564,0.122470161,4,1,10,99,98,37.783016,-122.4109765,16.4,33.8,15.7,1.7,29.2,0.6,0,2.6,19.39721,6.51308,0.153382188,0.193110625,90.66797882,91.48323207
26,6075012502,0.176954733,0.393195944,0.485078994,0.177325581,0.125283704,4,2,14,99,99,37.783933,-122.4125954,6.9,25.4,15.5,0,48.5,1.2,0,2.4,15.85067,5.53193,0.153375953,0.193101628,90.61829618,90.3713915
27,6075012601,0.864738806,0.027550581,0.878113408,0.068689182,0.012676056,88,99,15,99,97,37.8022695,-122.4391478,5.4,84.1,0,1.3,6.4,0,0,2.9,35.37972,9.1541,0.153265616,0.192949319,90.05144938,13.68379205
28,6075012602,0.828699552,0.052371917,0.885068762,0.016189962,0.00852459,74,99,12,98,94,37.806476,-122.4356807,4.5,85.5,0,0,7.2,0,0,2.9,34.17123,10.45066,0.153263812,0.192959622,90.09517057,12.73884985
29,6075012700,0.769204507,0.07525587,0.930019881,0.0578883,0.013267813,62,99,4,99,96,37.8049898,-122.4447181,5.9,81.9,0,0,11.4,0,0,0.7,36.26586,9.7143,0.153245242,0.192919012,90.00541211,8.200101082
30,6075012800,0.786456787,0.0385,0.908356742,0.05773913,0,82,99,4,99,96,37.7978099,-122.4417466,4.3,78,3.1,0.5,10,0,0,4.1,36.29063,10.02573,0.153270178,0.192943492,90.02191748,14.9478391
31,6075012901,0.739906103,0.048267809,0.899682252,0.046259843,0.019463087,76,99,10,99,97,37.8019611,-122.427246,5.4,80.8,1.1,0.3,6.3,5.1,0,0.9,30.9018,8.83477,0.15329564,0.193006096,90.21942868,29.51290649
32,6075012902,0.761020882,0.024032825,0.956459158,0.057265569,0,90,99,8,99,97,37.8006155,-122.4321032,7.4,77.8,0,0,13.3,0,1.1,0.4,33.02514,9.05574,0.153287,0.19298506,90.14136221,22.387811
33,6075013000,0.82327336,0.040654699,0.941038526,0.063959391,0,81,99,5,99,97,37.7972449,-122.4305121,7.3,78.6,0,0.3,11.7,0,0,2.2,37.50681,9.37311,0.15329919,0.192997483,90.17044308,29.46105683
34,6075013101,0.810329475,0.029477197,0.922475349,0.010730357,0.015741508,87,99,7,99,98,37.7937758,-122.4247493,3.5,76.7,0,0,17.6,0,0,2.2,37.6021,8.08225,0.153321882,0.193029797,90.28427663,51.9515335
35,6075013102,0.8175,0.023979957,0.858961802,0.041372351,0.019076923,90,99,11,99,97,37.7926193,-122.4274293,6.6,78.2,3.9,0.3,8.7,0,0,2.4,37.59497,9.21577,0.153318131,0.193018789,90.23643596,43.66634673
36,6075013200,0.792542753,0.027641931,0.792235047,0.071261682,0.011940299,88,94,8,99,97,37.7936676,-122.4387455,4.2,80.5,0.5,0.2,10.8,0,1.2,2.6,41.0243,10.20218,0.15328773,0.192963706,90.05922944,20.40815881
37,6075013300,0.747855918,0.021085925,0.800572519,0.039584364,0.012987013,92,96,10,98,95,37.7887307,-122.4524293,3.4,79.4,0.9,0,11.2,0.3,0,4.7,41.17629,11.08217,0.153266215,0.192906113,89.88399481,13.72626723
38,6075013400,0.842465753,0.059025609,0.903500898,0.009413778,0,70,99,8,99,96,37.789849,-122.440799,5.7,81.4,4.9,0,5.3,0,0,2.7,35.68215,9.66443,0.15329206,0.192959528,90.04092748,20.62967678
39,6075013500,0.838546069,0.069193964,0.858375635,0.067945206,0,65,98,9,99,97,37.7908976,-122.4325551,6.9,76.8,1.3,0,13.2,0,0.4,1.4,35.55671,8.85832,0.153309755,0.192997025,90.15409703,30.49377887
40,6075015100,0.668686869,0.029683698,0.934065934,0.053670087,0.012755102,87,98,2,99,97,37.7874457,-122.4234011,6.7,62.2,1.1,0,26.7,0,0.4,3,35.22174,8.09376,0.153340745,0.193045368,90.33908523,60.44145257
41,6075015200,0.691190108,0.081621622,0.919354839,0.02685624,0.013918178,59,99,8,99,97,37.7879139,-122.4302666,7.5,69.9,1.5,0,20.4,0,0,0.7,35.70921,8.56188,0.153322711,0.193012188,90.20454397,37.18727006
42,6075015300,0.676691729,0.040786241,0.877225292,0.079436259,0.024948025,81,94,10,99,95,37.7867618,-122.4393346,9.1,61.6,15,0,12.9,0,0,1.4,37.30618,10.01394,0.153303243,0.192970938,90.06986571,23.29843893
43,6075015400,0.735733099,0.027148508,0.86122339,0.05887372,0.012876991,88,97,11,98,96,37.7843608,-122.4510358,7.3,60.8,2.8,0,25.7,0,0.2,3.3,35.24775,10.18425,0.153280375,0.192919045,89.89440873,15.66292197
44,6075015500,0.484099943,0.092326733,0.661757938,0.081130916,0.043168669,54,46,8,99,97,37.7850923,-122.434135,14.6,40.6,6.6,0.3,36.5,0,0.7,0.6,28.18291,8.19765,0.153320129,0.192997971,90.15496257,29.97872691
45,6075015600,0.622734761,0.046779417,0.894865526,0.044994944,0.018714402,77,97,19,98,96,37.7782427,-122.4564254,4.3,47.7,4.1,0,36.2,1,0,6.7,31.78474,10.16844,0.153282157,0.192902414,89.7362653,14.63647719
46,6075015700,0.642905944,0.058458355,0.770678439,0.055116332,0.023312883,71,86,11,98,95,37.7789154,-122.4480069,13.2,50.3,4.9,0,27,0.5,0.2,4,32.5708,10.03177,0.153301197,0.192941277,89.95100498,17.46922413
47,6075015801,0.581033813,0.16723129,0.838412189,0.080413297,0.033088235,29,85,17,99,96,37.7813029,-122.4373557,8.2,49.7,28.9,0,11.2,0,0,2,32.09936,9.12781,0.153321518,0.192988224,90.12685447,26.22670794
48,6075015802,0.601398601,0.081218274,0.850254984,0.049921177,0.091032609,59,93,19,99,97,37.778079,-122.4385023,7.1,52.3,29.3,0,10.2,0.4,0,0.7,35.32219,8.7845,0.153326619,0.192987474,90.13029207,24.52094228
49,6075015900,0.544012945,0.090469279,0.739622642,0.052728106,0,55,75,9,99,98,37.78334,-122.4293428,11.3,38.2,15.3,0.2,32.1,0,0,2.8,33.39419,8.31616,0.153336218,0.193023198,90.24693137,39.39772378
50,6075016000,0.558748076,0.051884701,0.886333771,0.041558442,0,74,95,2,99,97,37.7823363,-122.4224838,10.2,49.9,2.2,0.3,28.8,0,0.5,8.1,29.68722,7.90179,0.153355552,0.193057126,90.39017561,59.79015408
51,6075016100,0.374207188,0.178563727,0.659983633,0.075970737,0.061585835,26,36,8,99,97,37.7799831,-122.4286631,15.2,26.5,36.4,0.4,18.2,0,0.8,2.4,22.77077,8.41543,0.153346136,0.193031287,90.28412217,39.3847521
52,6075016200,0.637055838,0.089380531,0.861349036,0.098550725,0.015086207,55,88,2,99,96,37.777158,-122.4228856,12.3,62.7,3.8,0,15.5,0.5,1.3,3.8,31.36011,8.49657,0.153367285,0.193062739,90.42379859,50.64244292
53,6075016300,0.600056449,0.158536585,0.799708455,0.126247987,0.035639413,31,69,9,99,97,37.7760456,-122.4295509,11,51.5,22.7,0,10.8,0,1,3.1,34.34708,8.68712,0.153353626,0.193032797,90.30339262,35.45463299
54,6075016400,0.623768669,0.040615028,0.88368892,0.045833333,0,81,96,9,99,96,37.7750995,-122.4369729,13.8,55.7,14.1,0,13.2,0,0,3.2,35.10158,9.22861,0.1533377,0.192999036,90.18140036,25.39536271
55,6075016500,0.699619772,0.072916667,0.871001573,0.072543353,0.068904594,63,95,11,99,97,37.7741958,-122.4477884,13.9,66,3.5,0.8,8.5,0.2,2.3,4.7,36.36156,9.37543,0.15331333,0.192949155,89.96462202,16.79690572
56,6075016600,0.692209124,0.08805395,0.862801241,0.05346636,0.013714734,56,96,13,99,97,37.7704942,-122.4474539,7,73.4,7.2,0.1,6.7,1.5,0.2,3.9,34.6145,9.28814,0.153323247,0.192956107,89.98547897,15.82980642
57,6075016700,0.626801517,0.109052183,0.880134332,0.048589779,0.006977758,47,96,9,99,97,37.7703481,-122.4377358,12.5,61.8,8.6,0,12.6,0,0.3,4.2,32.33167,9.53539,0.153347498,0.193002317,90.21544129,22.84053605
58,6075016801,0.601086535,0.039747634,0.887394312,0.025760135,0.009785933,81,97,13,99,97,37.7713294,-122.4290086,10.3,60.1,12,0,10.1,0,1.7,5.8,35.41354,8.89789,0.153366547,0.193042207,90.36635283,33.70194657
59,6075016802,0.543223858,0.095223228,0.85168447,0.025881303,0.010372178,53,94,13,99,96,37.7735403,-122.4249293,14.8,49.9,18.1,0,13.1,0,0,4.1,32.17271,8.42663,0.153371147,0.193058313,90.41866305,40.95404773
60,6075016900,0.653271338,0.048999104,0.907388137,0.058953574,0.005730659,76,97,9,99,97,37.7670961,-122.4324782,5.9,79.5,3.3,0,7.9,0.5,0,2.9,35.46242,9.47533,0.153368417,0.193031923,90.35860823,27.38040616
61,6075017000,0.808042727,0.077554486,0.854896355,0.045546151,0,61,98,10,98,96,37.7648874,-122.4394975,9.7,72.9,4.1,0,10.1,0,0,3.2,34.91459,10.3962,0.153356585,0.193001897,90.24220562,18.82731941
62,6075017101,0.792089605,0.021758051,0.855122324,0.058080808,0.009378664,91,98,24,99,96,37.7657245,-122.4460837,10,70.4,6.9,0,5.7,0,0.6,6.4,36.5097,10.10113,0.153338335,0.192969508,90.05276127,14.43062986
63,6075017102,0.792675724,0.070027316,0.857928506,0.037123746,0.006908463,64,99,24,99,97,37.7654353,-122.4504754,7.8,79.1,4.7,0,5.3,0,0.2,2.8,35.81041,9.95792,0.15332825,0.192949142,89.90052055,12.58037994
64,6075017601,0.291959578,0.185022026,0.670765661,0.058675079,0.065986611,25,35,5,99,97,37.7794338,-122.4107241,10.7,26.6,15.7,0.3,39.8,3.3,0.8,2.7,25.74962,7.91471,0.153391609,0.19311702,90.70144962,82.89124879
65,6075017700,0.452875399,0.116938342,0.909175162,0.022542831,0,44,95,2,99,87,37.7680392,-122.4124868,33.9,53.3,2.8,0.4,9.6,0,0,0,28.25401,9.97237,0.153415268,0.193125212,90.76679396,44.2010272
66,6075017801,0.441852245,0.177846577,0.88034188,0.028099174,0.033203125,26,91,12,99,98,37.7820284,-122.4011589,2.8,28.9,3.2,0.2,62.1,0,0,2.8,24.58612,7.98002,0.153408768,0.193158551,90.96059133,88.10704416
67,6075017802,0.444844517,0.301817224,0.628459785,0.055420515,0.032194481,9,44,10,99,94,37.7760649,-122.4087033,7.9,50.6,11.4,0.3,25.8,0,0.6,3.3,36.39075,9.29793,0.153404857,0.19313148,90.78599071,73.64773638
68,6075017902,0.342736248,0.125430398,0.779576588,0.125577812,0.075153374,41,38,10,93,83,37.8619483,-122.419701,13,49,20.9,0,15.8,0,0.6,0.7,23.04134,12.44111,0.153166979,0.192954661,90.61523881,0
69,6075018000,0.428131417,0.1940545,0.582041344,0.106527415,0,23,21,1,99,91,37.7753304,-122.4022764,16.5,40.5,20.6,0.5,17.7,0,0,4.3,30.13695,9.61168,0.153422473,0.193162984,90.98340819,68.14759418
70,6075020100,0.347172209,0.18206661,0.836744407,0.074966887,0.084916201,25,66,3,99,97,37.7686074,-122.4200011,46.5,24.3,4.9,0.3,21.3,0,0.4,2.3,32.04223,8.50697,0.153395388,0.193088804,90.58212336,40.45171646
71,6075020200,0.544616768,0.130266789,0.835105068,0.079125034,0.0302391,39,82,5,99,97,37.7671163,-122.4241789,21.4,54.3,7.1,0.8,14.2,0.1,0.2,1.8,35.62266,8.3922,0.153388777,0.193071186,90.51629411,35.50978263
72,6075020300,0.691595991,0.032100489,0.919327731,0.070746528,0.011927181,86,97,9,99,96,37.7649411,-122.4294368,7.1,75.8,1,0,11.8,0,1.6,2.8,28.07321,9.03201,0.153381191,0.193049448,90.44866446,29.3393528
73,6075020401,0.765711843,0.046037736,0.921577947,0.045797923,0.013071895,78,99,24,98,96,37.7595166,-122.4434836,5.6,77.2,0.5,0,14.8,0,0,2,28.86761,10.09611,0.153359983,0.192990817,90.19610376,12.96423353
74,6075020402,0.638540796,0.070239843,0.824849826,0.081920904,0.004466098,64,87,20,98,96,37.7528357,-122.4444148,5.8,70.8,2.4,0,16.6,0,0.4,3.9,26.3101,10.15988,0.153374114,0.192996095,90.2483458,9.368708243
75,6075020500,0.690576653,0.066337042,0.835378323,0.045086705,0.017254314,66,96,11,99,96,37.7591285,-122.4370296,6.1,79.8,2,0.3,8.7,0,0,3,30.27954,10.13478,0.153376805,0.193021932,90.38536568,18.47548897
76,6075020600,0.790212959,0.055129241,0.831693162,0.066726244,0,72,96,9,98,96,37.7595628,-122.4303496,10.8,78.7,2,0.4,5.3,0,0.3,2.4,33.39044,10.25646,0.153392164,0.193052927,90.52239993,25.19587775
77,6075020700,0.661770466,0.107167236,0.884932697,0.031603774,0.040414508,48,98,7,99,97,37.759168,-122.4235588,18.5,65.4,1.2,0,9.8,0,0,5.1,35.60412,9.22972,0.153409835,0.193085654,90.65933001,29.51921272
78,6075020800,0.384939538,0.170262733,0.881316999,0.062448644,0.016,28,81,6,99,97,37.7594331,-122.4191487,55.7,30.9,2.3,0.2,9,0,0.5,1.5,31.88209,9.02254,0.15342003,0.193106152,90.74128497,30.71708508
79,6075020900,0.495847176,0.101635992,0.810897436,0.027406199,0.036286019,50,87,6,99,96,37.7518186,-122.4184125,48.8,37.6,0.3,0.1,11.7,0,0.2,1.2,26.37404,9.31877,0.153440556,0.193120685,90.89701922,24.8052606
80,6075021000,0.751158354,0.077570922,0.861093652,0.011732229,0.023154848,61,99,10,99,97,37.7515789,-122.422849,17.2,64.7,0.4,0,15.6,0,0.2,1.9,34.25983,9.46186,0.153430233,0.193100023,90.81954164,24.21190668
81,6075021100,0.812762385,0.054278265,0.895266272,0.042478441,0.008248423,73,99,9,98,96,37.75397,-122.4298144,11.6,76.7,1.3,0,7.2,0,0,3.2,33.88185,10.78859,0.153407226,0.193063573,90.63916603,22.19368776
82,6075021200,0.81370826,0.045874822,0.847165992,0.071077091,0.007936508,78,97,10,98,95,37.7531762,-122.4381261,4.9,86.5,0.7,0,5,0,0,2.8,35.56502,11.11666,0.153388739,0.193025372,90.45640584,14.41180385
83,6075021300,0.732635585,0.021857924,0.908593322,0.053683609,0.022780833,91,98,9,97,95,37.7492646,-122.4384676,5.8,82,0,0.3,7.9,0,0.4,3.7,32.44687,11.2618,0.153397514,0.193029427,90.51488337,12.09545462
84,6075021400,0.780093424,0.053231939,0.962070328,0.055274426,0.013302487,73,99,8,98,96,37.7495758,-122.4294049,8.2,73.6,0.8,0,9.4,0,0,8,33.31069,10.39426,0.153419034,0.193071885,90.73522647,19.46843413
85,6075021500,0.682198327,0.018220176,0.938438438,0.054143366,0.018174308,93,98,11,98,96,37.7450512,-122.426705,21.2,64.3,2,0,11.1,0,0,1.4,31.9774,10.37479,0.153436796,0.193091231,90.87915215,17.76767298
86,6075021600,0.656779661,0.039321701,0.850649351,0.055263158,0,81,94,17,97,95,37.7454964,-122.4381417,14.2,55.3,12.2,0,15,1,0.5,1.8,29.46045,11.27261,0.153407578,0.193036433,90.59232459,10.58712252
87,6075021700,0.671949287,0.069018016,0.853946813,0.065795023,0.018125324,65,94,18,96,93,37.740278,-122.4392706,13,58.3,4.9,1.4,18.2,0,0,4.2,30.5496,12.06755,0.153417632,0.193038653,90.64654382,8.299694102
88,6075021800,0.667241875,0.085175704,0.847231716,0.065784894,0.037705789,57,93,11,97,95,37.737952,-122.4290987,13.4,72.4,0.3,0,9.8,0,0.4,3.6,31.586,11.33412,0.153448363,0.19309019,90.96029937,11.91856752
89,6075022600,0.830795262,0.007047768,0.906057946,0.049486461,0.019390582,97,99,3,96,88,37.762479,-122.3835595,5.4,61.2,6.3,3.3,21.2,0,0.9,1.8,33.28507,11.5365,0.153500113,0.19327031,91.77192243,8.255299272
90,6075022702,0.833523375,0.042947559,0.928703135,0.064070352,0,79,99,6,98,95,37.7625436,-122.3956056,12.4,70.3,0,0,12.4,0,0,4.9,35.58834,10.30817,0.153470307,0.193213146,91.3331354,17.91378617
91,6075022704,0.764511389,0.049390635,0.900166389,0.050128535,0,76,99,3,98,94,37.7609519,-122.4019893,5.2,78.8,0.5,0,11.2,0,0.8,3.5,29.34212,10.46016,0.153458511,0.193185217,91.14752308,22.44575856
92,6075022801,0.489066831,0.132731675,0.871949382,0.033514493,0.011550152,39,92,7,98,95,37.7607261,-122.4125093,39.8,45.2,3,0,8.8,0,0.8,2.5,30.74603,10.09446,0.153433184,0.193135718,90.86649013,30.18794007
93,6075022802,0.391353811,0.03348554,0.744925575,0.034195163,0,85,67,1,98,93,37.7589152,-122.4062322,35.8,37.8,1.6,0.8,22.5,0,0,1.5,27.97582,10.73856,0.153453077,0.193168076,91.05299388,23.87102455
94,6075022803,0.367063492,0.058208955,0.9049511,0.057116954,0.00462657,71,84,6,99,96,37.7558368,-122.4120842,57.3,27,0.5,0,13.3,0,0,1.9,33.16736,9.67023,0.153446246,0.193144826,90.95473657,25.57389001
95,6075022901,0.453057133,0.102476097,0.875,0.119580925,0.02037948,50,70,7,99,96,37.7511975,-122.4139453,46.8,31.9,5.9,0,14.5,0,0,0.9,29.13707,9.83479,0.153453071,0.193142743,90.99606823,23.06443774
96,6075022902,0.213060321,0.117370892,0.861902203,0.096335697,0.014705882,44,50,6,98,96,37.7513411,-122.4103784,67.2,17.5,4.2,0,9.5,0,0,1.6,30.00631,10.33261,0.153461493,0.193159428,91.0690781,21.25584468
97,6075022903,0.430653503,0.072388516,0.824324324,0.070464768,0,63,74,1,98,95,37.7517621,-122.4062364,48.8,31.9,1.7,0,14.1,0,0,3.5,27.28341,10.39149,0.153470648,0.193178437,91.15897913,18.59793343
98,6075023001,0.125392745,0.222511628,0.834304443,0.121527778,0.038863976,18,29,3,96,94,37.7351925,-122.4017602,22.5,6.2,21.5,1.2,47.5,0,0,1.2,27.84956,11.62538,0.153522396,0.193223683,91.47651966,8.000736049
99,6075023003,0.215686275,0.072463768,0.840401277,0.103077675,0.026435734,63,44,6,95,94,37.7326723,-122.3958269,14.3,7.7,31.4,0,44.4,0,0,2.1,30.31704,11.89487,0.153543193,0.193255451,91.61311441,5.750546561
100,6075023102,0.172176309,0.140436531,0.83972912,0.164142944,0.132996633,36,23,8,97,95,37.734492,-122.3844982,19.1,2.6,64.9,0,11.3,1.1,0,1,25.55105,11.3531,0.153566599,0.193306493,91.88401827,3.327678064
101,6075023103,0.145420792,0.489984592,0.674763033,0.33640553,0.106283941,1,1,8,95,92,37.7356318,-122.3759653,9.1,7.8,64.9,0.8,4.3,8.7,0,4.2,19.08369,11.82686,0.1535848,0.193345279,92.14004584,1.581299766
102,6075023200,0.142857143,0.140068104,0.717701342,0.134852802,0.00764526,36,14,7,95,94,37.7277547,-122.3861386,38.7,4.8,44.1,0,11.6,0,0,0.8,27.61674,12.21136,0.153579128,0.193308496,91.82321845,3.325359919
103,6075023300,0.138320775,0.103690037,0.803163445,0.091916558,0.104065041,49,33,5,94,91,37.7254139,-122.3977689,17.6,3.7,17.2,0,59.9,0,0,1.7,29.01913,12.84838,0.153556263,0.193256779,91.60118836,4.863360818
104,6075023400,0.097316962,0.326775021,0.713186813,0.102891728,0.055944056,7,16,6,94,90,37.7215929,-122.3900882,54.9,6.9,18.8,0,15.8,1.3,0.8,1.5,27.51281,12.4344,0.153584562,0.193298719,91.72581325,3.31763195
105,6075025100,0.688218961,0.063236206,0.879435851,0.062437562,0.01911315,68,96,1,97,94,37.7439369,-122.4076735,8.5,70.7,3.1,0,12.6,0,0.6,4.6,29.47956,10.96719,0.153486348,0.193182983,91.24845184,14.88238869
106,6075025200,0.571027082,0.035074627,0.879145587,0.032469382,0.037494067,84,96,8,98,95,37.7437089,-122.4142164,26.6,52.3,6,0.3,11.9,0.4,0.8,1.8,28.79228,10.94357,0.153470813,0.193152322,91.12683492,17.36145908
107,6075025300,0.504203889,0.049408345,0.89,0.087760493,0.04528096,76,85,10,98,96,37.7437059,-122.4201527,37.3,47.6,5.1,0.1,7.4,0.3,0,2.1,28.33377,10.47685,0.153456218,0.193124211,91.02322988,18.24445761
108,6075025401,0.472421203,0.14422579,0.890516577,0.100436681,0.014285714,35,79,9,97,95,37.7396295,-122.4224695,40.4,36.7,2.5,0,15.5,0.6,0,4.3,27.55139,11.20048,0.153460542,0.193119151,91.05762846,14.80044931
109,6075025402,0.554633472,0.067517635,0.887338501,0.074473549,0.001881468,66,90,6,97,95,37.7368829,-122.412786,16,48.1,2.3,0,29.6,3.7,0,0.4,29.05354,11.10269,0.153491114,0.193168999,91.26163652,12.10411822
110,6075025403,0.344051447,0.097582226,0.84034188,0.090909091,0.079972184,52,61,8,96,94,37.7337691,-122.4205619,42.9,23.5,7.8,1.1,20.7,0,0.2,3.8,28.39431,11.54851,0.153479643,0.193136684,91.18147576,10.87703215
111,6075025500,0.356363636,0.080472921,0.896106785,0.081323981,0.025485961,59,76,7,96,94,37.7280611,-122.4372627,32.2,25.9,0.7,0.6,38.4,0,0.3,1.9,28.90728,11.9215,0.153452608,0.193065868,90.89184578,7.259321402
112,6075025600,0.217721519,0.031684563,0.856166511,0.097417457,0.00330251,86,49,6,94,94,37.7287139,-122.4224279,17.6,14,0.9,0,60.1,0.3,4.4,2.6,30.27544,12.07307,0.153487484,0.193135176,91.21114558,8.207253271
113,6075025701,0.196172249,0.056261343,0.91587362,0.092259578,0,72,60,5,95,93,37.7315763,-122.4121411,14.5,21,0.8,0,63.2,0,0,0.5,28.42306,12.12444,0.153505748,0.19317975,91.33902741,8.837356993
114,6075025702,0.290203327,0.047042641,0.819166216,0.068825911,0.058519794,77,59,5,96,93,37.7281305,-122.4057589,19.2,16.1,2.8,0,59,0,0,2.9,28.34834,11.94801,0.153529923,0.193214982,91.46537976,6.397032261
115,6075025800,0.15599455,0.067403897,0.828402367,0.086350975,0,66,41,1,97,93,37.7216202,-122.4020019,20.9,12.2,2,0.4,63,1,0,0.4,29.93867,11.36121,0.153555177,0.193242225,91.5468501,4.389795678
116,6075025900,0.268685567,0.117541899,0.78914405,0.137254902,0.02739726,44,30,9,94,93,37.7234533,-122.4105033,18.7,21.6,13.1,0,43.8,0,0,2.9,29.40845,12.59032,0.153529753,0.193199289,91.42742078,5.202495914
117,6075026001,0.291217995,0.059894921,0.871602082,0.101287554,0.016744809,70,58,13,96,95,37.7235502,-122.4322434,41.6,16.3,0.8,0,40.8,0.2,0,0.2,28.04252,11.83062,0.153476044,0.193096175,91.0634148,6.643457665
118,6075026002,0.216275862,0.165659009,0.695443645,0.057905337,0.018499486,29,32,9,94,94,37.7261197,-122.4262823,26.8,36.3,3.1,0.1,33.2,0,0,0.5,29.72641,12.37135,0.153484384,0.193120682,91.16686089,7.212207918
119,6075026003,0.208573073,0.092580714,0.861186903,0.067002882,0.02745098,54,59,16,95,95,37.7196247,-122.4287994,59.3,12.9,1,0.5,26.1,0,0,0.2,29.10723,12.03999,0.153494168,0.193118175,91.16012938,5.577949441
120,6075026004,0.218309859,0.047979201,0.857386122,0.084991708,0.046649703,76,53,13,96,95,37.7178905,-122.4357008,37.4,14,0.2,0.1,47.4,0,0,0.8,30.93072,11.89971,0.153481462,0.193088004,91.02191393,5.747390151
121,6075026100,0.255024854,0.04059098,0.831188883,0.053926991,0.0221843,81,62,10,96,94,37.7196219,-122.4431582,19,16.8,0.5,0.5,61.4,0.6,0,1.2,28.79242,11.8077,0.153458868,0.193050182,90.82478177,6.033087579
122,6075026200,0.26848249,0.04637402,0.805096419,0.042772481,0.032112676,77,63,5,95,94,37.7113172,-122.4539535,33.3,8.6,2.2,0.1,54.5,0,0.3,0.9,29.31624,12.14465,0.153452758,0.193011099,90.75881629,3.61483265
123,6075026301,0.163756178,0.045392646,0.804606831,0.106112054,0.01087942,78,32,14,96,94,37.7138685,-122.439533,21.8,15.2,0,0,60.9,0,0,2.1,27.28089,11.7933,0.153481933,0.193075684,90.96252125,5.108048915
124,6075026302,0.332592122,0.030890499,0.819889503,0.098745447,0.039454806,86,54,22,94,92,37.7116589,-122.4307918,24.9,20.3,5.4,0,44.6,2.5,0.3,2,27.31705,12.72933,0.153508862,0.193120283,91.14484331,3.911509161
125,6075026303,0.243031123,0.086247544,0.881962025,0.116947473,0.013843648,57,50,14,94,94,37.7096646,-122.4434663,26.9,9.6,2.6,0,55.7,4.7,0,0.5,29.27531,12.57683,0.153482604,0.193063148,90.91937067,4.078899983
126,6075026401,0.090429275,0.101096224,0.825530035,0.169251825,0.105108055,50,15,12,94,95,37.7135251,-122.4112834,15.9,1.6,11.1,0,69.9,0.4,0,1.1,29.35818,12.31679,0.153552254,0.193209989,91.44299628,2.515647062
127,6075026402,0.231038099,0.077727952,0.83021124,0.056719023,0.102493075,61,59,5,93,94,37.7164873,-122.403256,10.8,15.2,16.5,0.6,54.5,0,0,2.5,29.63943,12.4062,0.153564717,0.193243727,91.53641819,3.275934501
128,6075026403,0.148467103,0.129047507,0.808089501,0.126820103,0.054028436,40,26,13,95,94,37.7111894,-122.4069033,11.9,3.8,4,0.1,79.8,0,0,0.4,27.39463,12.25564,0.153568775,0.193234128,91.49302495,2.154450612
129,6075026404,0.071559633,0.116749332,0.83006993,0.097667639,0.104361371,44,30,18,96,95,37.7096499,-122.4152838,13.4,1.4,16.2,0,65.9,1.5,0,1.6,27.72547,11.67189,0.153551946,0.193196655,91.3920089,1.82853671
130,6075030101,0.819004525,0.029606821,0.862610683,0.051740358,0.013567839,87,98,17,99,96,37.7642357,-122.4597306,7.4,62.6,0,0,21.2,0,2.3,6.4,35.64796,9.86908,0.153308449,0.192907081,89.48369529,10.84020935
131,6075030102,0.765878289,0.050420168,0.859878711,0.020088526,0.023819835,75,99,23,96,92,37.7594542,-122.4580012,4.8,62.6,1.5,1.3,22.1,0.4,1.2,6.1,34.77898,11.98515,0.15332445,0.192922195,89.54778856,8.685753462
132,6075030201,0.559752322,0.04473818,0.811361981,0.036724356,0.006514658,78,89,12,98,96,37.7628146,-122.4737784,7,47.8,0.6,0.5,39.8,1.1,0.6,2.6,31.11579,10.16108,0.153277421,0.192842671,88.87659141,10.34495496
133,6075030202,0.691624024,0.068207569,0.812554238,0.040268456,0.02004008,65,95,13,98,96,37.7630839,-122.4673274,4.5,63.7,3.2,0,23.2,0,0.2,5.1,30.56671,9.8884,0.15329261,0.192872803,89.11290737,10.66273521
134,6075030301,0.697175621,0.04172486,0.831493944,0.025887144,0,80,97,17,96,94,37.7569429,-122.4692415,5.9,42.1,1.9,1.5,46.7,0,0.3,1.6,32.22051,11.58325,0.153302999,0.192872645,88.97939566,8.612840746
135,6075030302,0.594413408,0.018602179,0.815892314,0.093854216,0,93,80,17,94,93,37.7519442,-122.4716376,7,47.6,0.3,0.7,42.4,0,0,2,30.44742,12.38073,0.153309398,0.19286855,88.90652324,7.905179289
136,6075030400,0.676431776,0.072741343,0.778764083,0.065701995,0.019473684,63,87,19,94,94,37.7469509,-122.4675173,4.1,49.7,0.3,0,39.8,0,2.3,3.8,32.36847,12.82486,0.153331796,0.192895281,89.13630784,6.671517693
137,6075030500,0.484083425,0.091058245,0.716153846,0.020164986,0.01182266,54,75,19,93,90,37.7523832,-122.4517871,13.4,44.5,9,0,29.5,0.5,0,3.2,34.59936,13.58891,0.153357104,0.192961855,89.91046555,6.505928957
138,6075030600,0.640301318,0.017159199,0.840349484,0.063613232,0,94,92,19,90,89,37.743754,-122.4571446,7.7,70.2,0.7,0,19.8,0,0,1.6,36.83358,13.15657,0.153365147,0.192949003,89.73078003,4.577595235
139,6075030700,0.689662108,0.03539823,0.882975835,0.029602701,0,84,98,18,92,93,37.7372232,-122.4503095,10.7,55.6,1,0.1,26.6,0,0.9,4.9,32.67189,12.80437,0.153398004,0.19299082,90.23574503,4.903954502
140,6075030800,0.642939949,0.018033946,0.805429864,0.063387257,0,93,89,18,93,91,37.7391922,-122.4678545,9.7,50.7,0,0,35.7,0.2,1.2,2.6,33.48894,13.26969,0.153350042,0.192904925,89.36605622,5.81653761
141,6075030900,0.657749803,0.017649654,0.815722739,0.045389256,0.018518519,93,93,17,89,86,37.7283108,-122.4682602,5,49.3,2.5,0,40.8,0.2,0,2.1,35.44611,13.96978,0.153375801,0.192918765,89.90076237,5.24019817
142,6075031000,0.467701342,0.091666667,0.766842105,0.037059914,0.02979066,54,77,18,94,92,37.7286172,-122.4571587,10.8,52.8,2.7,0,29.8,0,1,2.9,30.93345,13.07971,0.15340233,0.192970867,90.17882407,5.182297887
143,6075031100,0.580767153,0.031245562,0.886188993,0.036211084,0,86,96,13,97,94,37.7296356,-122.4461642,20.2,39.4,3.9,0.5,33.6,0,0.7,1.8,28.04225,11.77793,0.153426851,0.19302144,90.57224716,6.142299199
144,6075031201,0.309086629,0.100856837,0.791666667,0.152746904,0.026708075,50,30,22,96,95,37.7217805,-122.4573334,26.3,12.4,5.3,0,52.8,0.4,0.1,2.8,29.86087,12.04829,0.153418714,0.192979943,90.41519524,4.90957573
145,6075031202,0.413299233,0.051066807,0.868173258,0.102654867,0.062713797,75,70,28,95,94,37.7193276,-122.4523964,14.9,11.7,17.4,0,54.1,0,0,1.8,29.02588,12.33802,0.153436882,0.193006868,90.59852609,5.152394019
146,6075031301,0.364800585,0.09758603,0.738420821,0.107250755,0.024896266,52,39,25,93,94,37.7193263,-122.4678672,17,20.2,16.4,0,40.8,0,0,5.6,32.92274,12.61406,0.153398863,0.192933636,90.39608021,3.927546548
147,6075031302,0.321378668,0.070448156,0.772763262,0.078731238,0.041359773,64,50,21,95,94,37.7133955,-122.467097,11.9,13.9,20.7,0,50.4,0,0,3.1,28.55438,12.00297,0.153415343,0.192945869,90.67668923,2.911272455
148,6075031400,0.28051088,0.093431856,0.881466743,0.111296606,0,53,56,14,94,93,37.7147206,-122.4571446,22.5,7.7,24.6,0,42.9,0,0,2.4,27.01035,12.49877,0.153436543,0.192991062,90.64391795,3.915620501
149,6075032601,0.447051559,0.054116028,0.831061693,0.06707984,0,73,77,27,98,96,37.7624848,-122.4807924,2.4,36.8,0.3,0.5,56.9,0,1,2.1,26.76226,10.78677,0.153260999,0.192809967,88.74806902,9.420983181
150,6075032602,0.449727438,0.065807025,0.773400936,0.110807114,0.014015844,67,53,27,97,95,37.7589003,-122.4825954,1.7,25.6,0,0,70.1,0,0,2.6,29.32111,11.38034,0.153265379,0.19280663,88.71199593,8.615957882
151,6075032700,0.54990962,0.036437247,0.877013177,0.046871041,0.005086901,83,93,25,96,95,37.760167,-122.4911676,4.4,35.6,0.3,0,55.4,0.1,0,4.1,29.92712,11.88037,0.153241209,0.192764247,88.81009754,7.25912345
152,6075032801,0.436861902,0.079174983,0.854141895,0.051979208,0,60,83,28,95,94,37.7460215,-122.4804177,3.7,32.9,0.5,0,61.1,0,0,1.8,28.42465,12.23757,0.153302384,0.192835587,88.89240637,7.578772272
153,6075032802,0.458210423,0.115336187,0.771441817,0.074642668,0.011938202,45,66,28,95,94,37.7530955,-122.4812305,2.7,27.4,2,0,64.6,0,0,3.3,30.98157,11.94676,0.153282999,0.192821495,88.73427427,8.120515683
154,6075032901,0.476285572,0.028388928,0.89820167,0.086427657,0.008455468,88,84,29,94,94,37.7461534,-122.4901861,13.6,23,1.8,0,59.9,0,0,1.7,31.50318,12.35165,0.153278064,0.192789183,89.01605611,6.285671577
155,6075032902,0.424841477,0.05786268,0.862133209,0.118181818,0.022411128,71,65,31,94,95,37.7526805,-122.4906443,3,28.7,0,0.2,67.3,0,0,0.9,30.59657,12.1877,0.153260894,0.192777564,88.85183684,6.677780402
156,6075033000,0.532895873,0.009174312,0.885323064,0.097216085,0.03706477,97,84,24,93,93,37.7381567,-122.4834271,9.8,39.3,1.9,0,46.7,0.8,0,1.5,29.83565,12.81275,0.153314327,0.192832738,89.27067057,6.218179905
157,6075033100,0.609781844,0.02330453,0.839656045,0.032752245,0.008714597,90,95,15,91,90,37.7321973,-122.4872238,4.9,36.6,0,0,56.3,0,0,2.1,30.74889,13.51211,0.153319653,0.192823403,89.71249907,4.797325193
158,6075033201,0.533105023,0.063215953,0.782608696,0.198280802,0.024327785,68,35,27,96,87,37.726265,-122.4796588,12,50.9,10,0,22.5,0,0,4.6,22.82368,11.5087,0.153352825,0.192867785,90.01420379,4.609018243
159,6075033203,0.476377953,0.074659918,0.749264273,0.056214544,0.026431718,62,69,31,98,94,37.7159256,-122.4782503,12,43.2,4.7,0.1,30.7,2.7,4.1,2.5,21.63763,10.36559,0.153381715,0.192889418,90.6857347,2.709820167
160,6075033204,0.569555035,0.108204846,0.880977131,0.041685343,0.010953608,47,95,30,98,96,37.7196259,-122.4804118,15.1,35.4,8.3,0.3,36.6,0,0.4,3.9,27.81153,9.96862,0.153367303,0.192873833,90.48486485,3.264447452
161,6075035100,0.467445743,0.029621297,0.851547694,0.040577097,0.021308411,87,87,26,96,95,37.7576269,-122.4991499,3.1,31.5,0,0,59.8,0,0,5.6,28.67732,11.97947,0.153227847,0.192730172,89.05399967,5.013855606
162,6075035201,0.332579186,0.033738721,0.839751958,0.102220656,0.014784151,85,56,23,95,94,37.7566148,-122.5104339,5,32.7,0.1,0.1,57.5,3,0,1.6,31.01679,12.48533,0.153202626,0.192678277,89.55229702,2.23567222
163,6075035202,0.461307739,0.049773756,0.868579053,0.058252427,0.005306604,75,85,27,97,96,37.7613974,-122.5061466,6.8,44.4,1.4,0,42.4,0.7,0.2,3.9,24.8464,11.15584,0.153201399,0.192691626,89.31411827,3.313497251
164,6075035300,0.37682993,0.039302976,0.789408562,0.094314907,0.05008489,81,54,31,95,95,37.7425001,-122.4978433,5.4,25.3,0,0,66.2,0,0,3.2,30.27638,12.43273,0.153268239,0.192758252,89.40995114,4.127087561
165,6075035400,0.399042646,0.109173736,0.818423148,0.078551532,0.043621013,47,67,23,96,94,37.7421024,-122.5072276,4.4,42,0.8,0,46.1,3.6,0,3.2,30.12563,12.28747,0.153246172,0.192714444,89.81657394,2.174495807
166,6075040100,0.556827942,0.112037872,0.802753762,0.071714598,0.049949546,46,81,15,98,96,37.7851543,-122.4618142,8.8,45.3,7.8,1.6,31.5,0,1.7,3.4,33.43852,10.13237,0.153251934,0.192866894,89.66351614,12.1760798
167,6075040200,0.595138718,0.070560059,0.814739295,0.029337539,0.014020805,64,93,12,98,96,37.7843252,-122.4683889,8,40.5,0.7,0.2,46.6,0,0.3,3.7,34.32803,10.54114,0.153237813,0.192836991,89.4825875,11.56067972
168,6075042601,0.613651425,0.083019882,0.846835953,0.017348754,0.034985423,58,96,24,98,97,37.7831165,-122.4811913,4.7,38.6,1.4,0,46.5,0.3,0.3,8.2,32.46015,10.43387,0.153209327,0.192778184,89.21730309,8.951654711
169,6075042602,0.594431904,0.153573377,0.878592879,0.164359089,0,32,70,25,98,96,37.7833793,-122.4754787,2.6,46.8,1.9,0,45.6,1.7,0,1.4,28.81689,10.51865,0.153222716,0.192804824,89.30307811,10.48332821
170,6075042700,0.519069573,0.081225033,0.860207101,0.055813954,0.016040523,59,89,20,98,97,37.7822651,-122.4881473,10.9,47.8,0.3,0,37.9,0.8,0.8,1.6,29.55304,10.5653,0.153194331,0.192746519,89.17735285,6.844556366
171,6075042800,0.79009434,0.0096517,0.685438455,0.031609195,0,97,90,16,92,92,37.7880433,-122.4885865,6.3,69.9,0.6,0,17.7,0.8,0,4.6,36.67367,13.43351,0.153179059,0.192736069,89.32262002,5.124854631
172,6075045100,0.576048951,0.050131349,0.838972431,0.064953109,0.022482894,75,88,16,99,97,37.777583,-122.4613476,5.5,39.9,1.6,0,49.1,0,0.8,3.1,35.44412,9.94194,0.15327168,0.19288008,89.5736883,14.10526412
173,6075045200,0.527525711,0.077671402,0.803410475,0.066239911,0.004975124,61,80,13,98,96,37.7771137,-122.467999,5,40.7,0.6,0.3,46.5,0.8,0.7,5.3,35.77116,10.32726,0.153256487,0.19284929,89.34557876,13.53240041
174,6075047600,0.455774247,0.072628828,0.866489832,0.043672298,0.023853211,63,88,20,98,96,37.7767698,-122.475543,5.5,41.1,0.3,0,50.4,0.3,0.3,2.2,30.19998,10.57588,0.153238795,0.1928141,89.13446369,12.11171458
175,6075047701,0.506745071,0.06016178,0.901807724,0.07776873,0.026912929,70,88,21,98,96,37.7782506,-122.4840627,12.1,28.4,1.8,0.4,49.6,1.7,0,6,28.12872,10.61075,0.153214227,0.192771655,89.07096391,9.21467016
176,6075047702,0.545337206,0.070948469,0.804611176,0.04512958,0.011479592,64,86,19,97,96,37.7744602,-122.4837889,3.3,40.9,0.7,0.1,51.2,0,1.6,2.1,30.48171,11.23545,0.153224212,0.192778442,88.97389258,9.82387572
177,6075047801,0.475663717,0.073341677,0.873956961,0.137824747,0.023224044,63,66,30,96,95,37.7758371,-122.4921143,4.5,37.3,1.3,0,50.5,0.3,0.7,5.4,30.84245,11.70134,0.153200379,0.192737072,89.05567135,6.915010625
178,6075047802,0.553535354,0.019995605,0.855087359,0.061476901,0.012269939,92,89,31,97,96,37.779204,-122.497393,3.5,30.1,3.1,0,61.5,0,0,1.9,27.39356,11.08201,0.153179142,0.192707231,89.21874532,4.947702902
179,6075047901,0.445442635,0.038518961,0.830854229,0.084547409,0.025749424,82,72,23,96,94,37.7824907,-122.5098633,6.7,37.8,4.7,0.3,43.7,0.3,0,6.6,28.00551,12.10357,0.153140446,0.192643509,89.5835591,1.850679583
180,6075047902,0.583044437,0.077109733,0.874662553,0.063296178,0,61,92,27,96,95,37.7791834,-122.5039633,4.8,45.9,0.5,0,43.1,0,3.4,2.3,27.75245,11.61888,0.153163058,0.192676194,89.37505123,3.286303371
181,6075060100,0.85272045,0.031471004,0.90039491,0.027830189,0.084158416,86,99,14,94,77,37.7991353,-122.480109,2.5,77.9,4.3,1.8,7.2,0,0.3,6.1,23.81872,12.33065,0.153172642,0.192760084,89.59475765,2.750763031
182,6075060400,0.543899145,0.076786349,0.835218888,0.029867257,0.006285355,61,92,33,95,81,37.7223022,-122.4911286,13.3,46.2,6.5,0,30,0,0.4,3.6,21.44402,12.24691,0.153334396,0.192819251,90.52204106,2.603333458
183,6075060502,0.161182001,0.351916376,0.829250186,0.237421384,0.127388535,6,10,18,97,95,37.7109991,-122.4199075,21.9,4.8,36.1,5.5,29,1.4,0,1.3,20.45334,11.08464,0.153537253,0.193172795,91.32840775,2.461268471
184,6075060700,0.705942414,0.032990716,0.865799019,0.076603599,0.015686275,85,95,4,99,93,37.7723808,-122.3906714,10.9,42.5,3.1,0,40.9,0,0.3,2.2,27.50682,9.85738,0.153458278,0.193222237,91.39829473,32.19608584
185,6075061000,0.36558181,0.00618691,0.831325301,0.077971647,0,98,66,9,93,88,37.7132283,-122.3846994,13.8,12.9,21.8,0,45.2,4.5,0,1.8,27.91061,13.07387,0.153618399,0.193336394,91.77336456,1.390096386
186,6075061100,0.062839189,0.371219065,0.810572687,0.165995976,0.010793055,5,13,1,99,98,37.7955998,-122.4040647,1,5.5,0.8,0,91.7,0.7,0,0.2,22.37387,6.73211,0.153368284,0.193125081,90.78071776,92.67806771
187,6075061200,0.148492908,0.120589936,0.758440323,0.114949037,0.073664825,43,22,2,97,94,37.7370414,-122.3901777,41.1,5.1,26,0,26.9,0,0,0.8,25.23949,11.3193,0.153546352,0.193275879,91.72967116,4.8887685
188,6075061400,0.557808351,0.167049267,0.847725415,0.102957907,0.059171598,29,79,4,98,94,37.7550917,-122.3974733,20.7,41.2,17,3.2,11.4,2.9,0,3.4,29.07068,10.62655,0.153484026,0.193215115,91.35893003,13.18208032
189,6075061500,0.71679142,0.144429856,0.776437522,0.045047647,0.009480401,35,93,0,99,95,37.7877258,-122.3923886,7.3,54.7,5.6,0.7,28.4,0.5,0,2.7,36.63323,9.20022,0.153416354,0.193191816,91.18679387,69.95152426
190,6075980200,0.7109375,0,0.855172414,0,0,99,99,24,90,82,37.7860688,-122.5028261,33.8,47.2,9.4,0,6.7,0,0,3,27.32339,14.07837,0.153148936,0.192671597,89.46162704,2.676783446
191,6075980300,1,0,1,0,0,99,99,40,97,42,37.7684025,-122.4920873,0,0,0,0,30,0,0,70,27.20806,11.32986,0.153218712,0.192747969,88.90861662,7.428068684
192,6075980401,,,,,,,,,,,37.7272391,-123.0322294,-,-,-,-,-,-,-,-,,,0.152000205,0.190263489,91.02882777,0
193,6075980501,0.1,0.141318977,0.6,0,0.04,36,24,17,94,80,37.7162957,-122.4191554,38.9,8.6,8.1,0,35.8,0,0,8.6,21.92836,12.74258,0.153526075,0.19316868,91.33503891,3.740749451
194,6075980600,0.258373206,0.072131148,0.743421053,0.1625,0,63,17,12,91,77,37.7231655,-122.3685424,0,15.4,71.5,0,3.3,0,0,9.8,28.4698,13.83903,0.153633731,0.193398561,92.19564327,0.437429038
195,6075980900,0.742038217,0.060240964,0.97133758,0,0,70,99,3,98,62,37.7462861,-122.389477,7.5,53.9,14.8,0,23.8,0,0,0,21.05417,11.2592,0.153525349,0.193265781,91.70306707,5.488973835
196,6075990100,,,,,,,,,,,37.76216,-122.5518622,-,-,-,-,-,-,-,-,,,0.153087321,0.192474431,91.2377998,0
